L,lam,Tsteps,steps,tot_steps,avg_sgn,avg_sgn_std,avg_q,max_q,a,a_std,a2,a2_std,aCorr,aCorr_std,aEint,aEint_std,aFint,aFint_std,b,b_std,b2,b2_std,bCorr,bCorr_std,bEint,bEint_std,bFint,bFint_std,ab,ab_std,abCorr,abCorr_std,abEint,abEint_std,abFint,abFint_std,h,h_std,h2,h2_std,hDiag,hDiag_std,hDiag2,hDiag2_std,hOffdiag,hOffdiag_std,hOffdiag2,hOffdiag2_std,zmag,zmag_std,hDiagCorr,hDiagCorr_std,hDiagEint,hDiagEint_std,hDiagFint,hDiagFint_std,hOffdiagCorr,hOffdiagCorr_std,hOffdiagEint,hOffdiagEint_std,hOffdiagFint,hOffdiagFint_std,diagES,diagES_std,diagFS,diagFS_std,offDiagES,offDiagES_std,offDiagFS,offDiagFS_std,Cv,Cv_std,a_therm,a2_therm,aCorr_therm,aEint_therm,aFint_therm,b_therm,b2_therm,bCorr_therm,bEint_therm,bFint_therm,ab_therm,abCorr_therm,abEint_therm,abFint_therm,h_therm,h2_therm,hDiag_therm,hDiag2_therm,hOffdiag_therm,hOffdiag2_therm,zmag_therm,hDiagCorr_therm,hDiagEint_therm,hDiagFint_therm,hOffdiagCorr_therm,hOffdiagEint_therm,hOffdiagFint_therm,diagES_therm,diagFS_therm,offDiagES_therm,offDiagFS_therm,Cv_therm,tot_cpu_time (s),wall_time (s)
8,0.15,1000000,50000000,5000000000,1,0,0.430976,12,1.0511691,0.00182092793,2.14965616,0.0299449912,1.40673322,0.0100210049,1.61915738,0.0152597572,0.18898123,0.00144874983,-0.00898864806,0.000339764691,1.60136883,0.0356705739,0.155336477,0.00408980729,0.515716655,0.0115273106,0.0390302495,0.000693161145,-0.00914460188,0.000436461846,-0.00949527951,0.000397988904,-0.00953448667,0.000404497416,-0.00118006724,4.55837518e-05,-111.210846,0.00337562237,12373.8716,0.728424204,-110.778008,0.00357491589,12279.2736,0.767688271,-0.432838388,0.00158128271,1.63834808,0.0124936861,0.0282683125,0.000981051182,12278.1873,0.723995691,12278.4551,0.732905677,1534.79001,0.0911035864,0.552099388,0.187030696,0.819871594,0.143103188,0.0856053266,0.0209854967,6.68803507,0.142114559,0.819125761,0.0208118576,0.632522524,0.142200045,0.0621866929,0.0208720219,6.01921679,0.0267217496,True,True,True,True,True,True,True,True,True,True,False,False,False,False,True,True,True,True,True,True,False,True,True,True,True,True,True,True,True,True,True,True,5843.26534,73.7150726
8,0.1,1000000,10000000,1000000000,1,0,0.190404,6,1.03113476,0.00126173008,2.10168758,0.0312318344,1.37303701,0.00905276944,1.59265507,0.0144047627,0.184429266,0.00137918054,-0.00650581662,0.000310378946,1.5244615,0.0328937469,0.154296516,0.00409441974,0.502069339,0.0128293047,0.0382697114,0.000751684079,-0.00651118955,0.000350199415,-0.00593920177,0.000261620503,-0.00603781741,0.000246504161,-0.000757194168,3.77462118e-05,-111.095205,0.00260270861,12348.1268,0.560217074,-110.905564,0.00265914147,12306.6672,0.570729558,-0.189640996,0.000836221913,0.664914531,0.00570447685,-0.0595195938,2.59336341e-05,12305.9841,0.558507574,12306.1421,0.560423165,1538.25585,0.0698821732,-0.0181992609,0.0848596773,0.139737288,0.0658114193,0.00555667744,0.00957997392,6.0979366,0.0691066314,0.750331591,0.00994199988,0.103773581,0.0656005954,0.00106121403,0.00955371166,5.98217896,0.021145861,True,True,True,True,True,True,True,True,True,True,False,False,False,False,True,True,True,True,True,True,False,True,True,True,True,True,True,True,True,True,True,True,1388.37672,14.5105862
8,0.25,1000000,50000000,5000000000,1,0,1.19962,14,1.10012869,0.00229594317,2.25595534,0.0272784294,1.52436985,0.00965801304,1.74004536,0.0128961942,0.202750341,0.00137320165,-0.0149671167,0.000382056557,1.54798247,0.026105283,0.164849564,0.00336240102,0.515736985,0.00738765286,0.0398693735,0.000563248982,-0.0157123719,0.000749435242,-0.0165591617,0.000569563297,-0.0163914892,0.000472130186,-0.00205323653,7.53086686e-05,-111.579983,0.00439467732,12456.1541,0.955627051,-110.37996,0.00527151599,12193.8754,1.12935779,-1.20002276,0.00346936717,5.44004908,0.0320084176,0.0593373125,3.29260697e-05,12190.2885,0.947568715,12191.1219,0.981805538,1523.83015,0.119606029,1.85311249,0.338676742,2.6865211,0.271721238,0.275727929,0.039511403,7.38634242,0.268694865,0.863205594,0.0391223283,1.24646648,0.265246531,0.095721101,0.0387057101,6.06152855,0.0302412621,True,True,True,True,True,True,True,True,True,True,False,False,False,False,True,True,True,True,True,True,False,True,True,True,True,True,True,True,True,True,True,True,9781.68431,108.425227
8,0.2,1000000,50000000,5000000000,1,0,0.766632,10,1.07555956,0.00189581577,2.22110668,0.0281936846,1.46216032,0.0093525017,1.68000635,0.012686294,0.195572484,0.00122005723,-0.0123341528,0.000407409528,1.54877335,0.0303877937,0.169999195,0.00397301518,0.526670607,0.00939549902,0.0404927197,0.000694214573,-0.0128015102,0.000655924599,-0.0130087762,0.000563159767,-0.0128154237,0.000494838695,-0.00164282674,8.07225135e-05,-111.371334,0.00368445976,12409.5978,0.79684927,-110.603736,0.00399550948,12241.8178,0.853462743,-0.767598262,0.00250979245,3.14994361,0.0198523407,0.019801875,3.18447817e-05,12239.581,0.76521667,12240.1273,0.781956239,1529.97822,0.0965381439,0.913133721,0.245050236,1.45948415,0.190749721,0.144741028,0.0277075401,6.94088339,0.191709169,0.829915932,0.0277894275,0.870277061,0.188019665,0.0710901411,0.0273664143,6.02366532,0.0287587608,True,True,True,True,True,True,True,True,True,True,False,False,False,False,True,True,True,True,True,True,False,True,True,True,True,True,True,True,True,True,True,True,7923.07362,107.559218
8,0.35,1000000,50000000,5000000000,1,0,2.34316,18,1.13945561,0.00222969066,2.32982078,0.0225738713,1.59941414,0.00805556077,1.81557315,0.00997495985,0.213007173,0.00113424339,-0.0210746743,0.000431252614,1.53292749,0.0272009593,0.154832479,0.00292104799,0.507428141,0.00507496566,0.0388507363,0.000512335437,-0.0217885667,0.000583196241,-0.0235907024,0.000711256696,-0.0229903853,0.000511124942,-0.00288823544,7.56202157e-05,-112.136676,0.00389957937,12580.7343,0.856597119,-109.791548,0.00498486325,12068.2625,1.06397319,-2.34512774,0.00462857523,13.3338034,0.0534023537,-0.15102175,0.000938433266,12061.2622,0.84219372,12063.0134,0.881092257,1507.74279,0.105926686,6.33359181,0.423102882,8.08474978,0.33242345,0.876705341,0.0492513742,8.8293902,0.318540408,0.969785392,0.0475429838,2.58512569,0.317642241,0.189252329,0.047430311,6.10023529,0.0252598315,True,True,True,True,True,True,True,True,True,True,False,False,False,False,True,True,True,True,True,True,False,True,True,True,True,True,True,True,True,True,True,True,18330.8816,174.979975
8,0.3,1000000,50000000,5000000000,1,0,1.723968,16,1.11867411,0.00207270156,2.27266564,0.0231431209,1.56072862,0.00776932541,1.77300306,0.0101785244,0.207358274,0.00109086774,-0.0177490686,0.000415639263,1.57943142,0.0315391288,0.16366763,0.00293983413,0.512632643,0.00680046115,0.0398984395,0.000564128021,-0.0209519468,0.00113894894,-0.0201978182,0.000625016875,-0.0201303754,0.000510773036,-0.00251754847,7.19118546e-05,-111.829347,0.00392427567,12511.9479,0.857784353,-110.100776,0.00474735378,12134.1785,1.01246994,-1.72857134,0.00387892767,8.74310117,0.041300364,-0.0988068125,3.68951746e-05,12129.5782,0.814131044,12130.6547,0.851577022,1516.25354,0.103574623,4.14278828,0.397371921,5.21931409,0.307320652,0.574117764,0.0447727482,8.47384912,0.297506549,0.980934643,0.0435866972,2.23135522,0.297145305,0.200622906,0.0435312018,6.14501731,0.0276180883,True,True,True,True,True,True,True,True,True,True,False,False,False,False,True,True,True,True,True,True,False,True,True,True,True,True,True,True,True,True,True,True,12061.5413,182.689587
8,0.44999999999999996,1000000,50000000,5000000000,1,0,3.887384,22,1.1750993,0.00219980363,2.43702347,0.0232550373,1.67751611,0.00661816463,1.89040989,0.00761151798,0.222502628,0.000878304696,-0.0267343191,0.000481894237,1.51142332,0.0253181834,0.163322029,0.0031849357,0.51763744,0.00538580671,0.0388275632,0.00051200096,-0.0295581526,0.00119790057,-0.0307388496,0.000752602054,-0.0305028245,0.00058917893,-0.003813913,8.83061985e-05,-112.87792,0.00415599897,12747.642,0.920180247,-108.98104,0.00668301269,11896.3458,1.41835077,-3.89687974,0.0057124357,28.2308466,0.0825245403,-0.157169937,4.30131578e-05,11885.8266,1.10502227,11888.3382,1.15859795,1485.85009,0.142332828,17.7116751,0.620643779,20.2232853,0.489358638,2.3357224,0.0696851603,11.4711352,0.447609159,1.24170365,0.0644913793,5.03761359,0.456278949,0.437513438,0.0656822824,6.21719897,0.0296268849,True,True,True,True,True,True,True,True,True,True,False,False,False,False,True,True,True,True,True,True,False,True,True,True,True,True,True,True,True,True,True,True,18814.6918,192.106102
8,0.4,1000000,50000000,5000000000,1,0,3.06572,20,1.15890841,0.00237530097,2.39362582,0.0288160166,1.6367805,0.00709498318,1.85434077,0.00923000181,0.21662956,0.00101573904,-0.0235839701,0.000444446718,1.494919,0.0263255603,0.158670678,0.0030871738,0.516283393,0.0059115337,0.0387372637,0.000528153195,-0.0299518723,0.00193493348,-0.027053895,0.000581016327,-0.0276687908,0.000564639566,-0.00335392818,6.81089868e-05,-112.484223,0.00374004306,12658.8461,0.823274021,-109.419064,0.00541411614,11989.0818,1.14379706,-3.06515913,0.00475510386,19.5773409,0.0599844232,-0.157479938,3.61448421e-05,11979.7006,0.929191225,11981.8954,0.966482733,1497.56521,0.118161456,10.1961133,0.497993379,12.3909177,0.379454771,1.37714491,0.0552442057,9.36385017,0.361685305,0.998761469,0.0532024643,2.99571724,0.359747979,0.202744853,0.0528529499,6.14562613,0.0311669002,True,True,True,True,True,True,True,True,True,True,False,False,False,False,True,True,True,True,True,True,False,True,True,True,True,True,True,True,True,True,True,True,16075.5576,164.758871
8,0.5499999999999999,1000000,50000000,5000000000,1,0,5.81076,28,1.21013672,0.0029854344,2.49449374,0.0292705747,1.76243877,0.00748150833,1.96738783,0.00968329214,0.232473115,0.00105413321,-0.031920291,0.000546111924,1.52186921,0.0274800372,0.160442512,0.00354055956,0.513450008,0.00524742836,0.0391381048,0.000525954696,-0.0363759985,0.00132785548,-0.0402601169,0.000886934783,-0.0394816878,0.000735829385,-0.00499211115,0.000100593332,-113.804186,0.00487257815,12957.7486,1.09454022,-108.003808,0.00684160884,11690.6562,1.43402948,-5.80037818,0.00634338529,52.7607593,0.119082333,0.005244,0.000870262703,11671.9664,1.01578892,11676.2821,1.08366995,1459.21113,0.129932849,34.0709545,0.759583073,38.3866597,0.596847382,4.474201,0.0875636366,11.459582,0.535793114,1.10831627,0.0800591445,4.74227266,0.541055768,0.268652613,0.0806304921,6.35584704,0.0298590594,True,True,True,True,True,True,True,True,True,True,False,False,False,False,True,True,True,True,True,True,False,True,True,True,True,True,True,True,True,True,True,True,27202.7617,443.582376
8,0.5,1000000,50000000,5000000000,1,0,4.799884,24,1.19642859,0.00272410681,2.46098703,0.0257723939,1.73259818,0.00787231237,1.94153304,0.00946230446,0.229017056,0.00111026401,-0.0297093382,0.000567199843,1.52621246,0.026454405,0.15986584,0.00367715323,0.502772328,0.00445195918,0.039142567,0.000503545218,-0.0339152701,0.00114780114,-0.0340446543,0.000679101252,-0.0339453479,0.000549419815,-0.00431495885,8.27626445e-05,-113.323113,0.00434309997,12848.4533,0.965645317,-108.525212,0.0067374148,11800.2322,1.41565199,-4.79790084,0.00672296905,38.9651292,0.112667296,-0.00612325,0.000904522727,11785.243,1.07322762,11788.9455,1.14410206,1473.34107,0.137766663,23.9759359,0.706731174,27.6784154,0.539790737,3.18268758,0.0790903305,11.2238466,0.483437211,1.12586647,0.0719953174,4.65856296,0.490802018,0.305206022,0.0728654196,6.32542166,0.0323824585,True,True,True,True,True,True,True,True,True,True,False,False,False,False,True,True,True,True,True,True,False,True,True,True,True,True,True,True,True,True,True,True,27074.4645,402.638958
8,0.6499999999999999,1000000,50000000,5000000000,1,0,8.130924,32,1.24465951,0.00314237233,2.60586136,0.030067161,1.83325016,0.00856028209,2.04746079,0.00946194792,0.24151509,0.00123650452,-0.0368002313,0.00069109015,1.5483541,0.0302884553,0.163392078,0.00351072876,0.516804789,0.00497378814,0.0396028774,0.000495768526,-0.044349291,0.00186718274,-0.0461286611,0.000901790874,-0.045915083,0.000684700508,-0.0057300853,0.000104068266,-114.931832,0.00498517062,13215.7852,1.13479981,-106.812508,0.00799483845,11442.5169,1.66481637,-8.11932424,0.00778450327,92.552595,0.176140325,-0.003670125,0.000779991975,11416.704,1.15896057,11422.8367,1.25867933,1427.42673,0.148303039,66.7397682,0.980708416,72.8724176,0.75451362,8.68119833,0.110738722,13.9248134,0.663097117,1.3127478,0.0996038182,6.94899154,0.664632452,0.440770075,0.0995340419,6.45911503,0.0303374176,True,True,True,True,True,True,True,True,True,True,False,False,False,False,True,True,True,True,True,True,False,True,True,True,True,True,True,True,True,True,True,True,49921.3944,517.223553
8,0.6,1000000,50000000,5000000000,1,0,6.919336,30,1.23081931,0.00277417527,2.54399854,0.0288700167,1.79777404,0.00835810584,2.01322655,0.00896396198,0.236794022,0.00106871188,-0.0352362004,0.000561015066,1.57083431,0.0301693372,0.162062664,0.00318756232,0.513075874,0.00479971059,0.0393804606,0.000520957792,-0.0412926705,0.00138128373,-0.0423245921,0.000777996145,-0.042535015,0.000653336708,-0.00524738424,9.16489124e-05,-114.343513,0.00443632876,13080.8235,0.994060003,-107.4333,0.0075833382,11571.553,1.57842087,-6.91021296,0.00690706475,70.5906352,0.155966396,-0.0328779375,0.000889604302,11549.1353,1.00474778,11554.7878,1.09633198,1443.94606,0.128154145,48.1728426,0.983123324,53.8253927,0.772923223,6.32576243,0.114437014,12.8738567,0.683680816,1.20682042,0.10363515,6.07434962,0.69444861,0.356882042,0.104726363,6.38449876,0.0353011079,True,True,True,True,True,True,True,True,True,True,False,False,False,False,True,True,True,True,True,True,False,True,True,True,True,True,True,True,True,True,True,True,37510.9737,432.29706
8,0.7499999999999999,1000000,50000000,5000000000,1,0,10.841924,38,1.27196988,0.00363656371,2.61069408,0.0308252957,1.89298623,0.00952171335,2.10589623,0.00994174419,0.248968524,0.00119865173,-0.0415918904,0.0005831677,1.53718533,0.0313048948,0.161573022,0.00316985495,0.514904699,0.00430295875,0.0400476963,0.000445442802,-0.0525183208,0.00209656232,-0.0554186917,0.00109100633,-0.0547141073,0.000753347585,-0.00691081475,0.000115899121,-116.231752,0.00608661212,13516.4594,1.39642004,-105.384184,0.0096644828,11148.4802,1.95748269,-10.8475677,0.00952285441,153.006962,0.286398779,-0.0231163125,0.00124293834,11116.8745,1.41826856,11124.7029,1.45241368,1390.01392,0.178160742,121.401234,1.20655165,129.229677,0.94573544,15.5797661,0.137714323,18.876669,0.796638849,1.78564015,0.119730731,11.5599522,0.799032306,0.871050546,0.120206071,6.6393031,0.0417679788,True,True,True,True,True,True,True,True,True,True,False,False,False,False,True,True,True,True,True,True,False,True,True,True,True,True,True,True,True,True,True,True,72470.2453,809.618534
8,0.7999999999999999,1000000,50000000,5000000000,1,0,12.364368,42,1.27800814,0.00354774182,2.6640914,0.032895074,1.9084915,0.0105301042,2.11996158,0.00997291325,0.250307233,0.00128278116,-0.0440055922,0.000628231388,1.53505756,0.0341580301,0.162020318,0.00415768859,0.5092106,0.00368034642,0.0391196557,0.000490526216,-0.0554603213,0.00252711369,-0.0583334116,0.00123202095,-0.0577897808,0.000833986496,-0.00729894626,0.000127948987,-116.953264,0.00611145489,13684.821,1.41455659,-104.577836,0.00987672394,10984.327,2.01432239,-12.3754283,0.00976007612,193.485764,0.320174861,-0.0577830625,0.000563926602,10949.3044,1.2952437,10957.8574,1.43428887,1369.16189,0.165610061,158.463171,1.29670452,167.016137,0.992413828,20.3067272,0.148350806,21.3336226,0.795809924,2.09641287,0.124792535,13.8649125,0.806623754,1.1628241,0.125930993,6.75494597,0.0402102754,True,True,True,True,True,True,True,True,True,True,False,False,False,False,True,True,True,True,True,True,False,True,True,True,True,True,True,True,True,True,True,True,73058.1088,907.333475
8,0.7,1000000,50000000,5000000000,1,0,9.436508,40,1.25194769,0.00332482248,2.60922868,0.0291482322,1.8462825,0.00811865743,2.05610212,0.009177,0.243129054,0.00110572937,-0.0398323196,0.000683005841,1.60082359,0.0343118575,0.167818128,0.00363897638,0.519397752,0.0041365995,0.0394865784,0.00051343223,-0.0572958321,0.0034996625,-0.0499166347,0.000936095941,-0.0502935361,0.000741490968,-0.00616624567,0.000102156282,-115.554273,0.00565986404,13359.3154,1.29512276,-106.121248,0.00800966342,11299.6787,1.64580186,-9.43302529,0.00817525343,119.840255,0.223752724,-0.157568,0.000668984249,11271.0892,1.2226339,11278.0326,1.29678189,1409.25104,0.158115152,91.2507157,0.913048448,98.1941034,0.726797553,11.7712334,0.108704238,16.3132754,0.606871049,1.53612995,0.0949404998,9.21213731,0.618278887,0.648487684,0.0961548777,6.52533327,0.0391120961,True,True,True,True,True,True,True,True,True,True,False,False,False,False,True,True,True,True,True,True,False,True,True,True,True,True,True,True,True,True,True,True,60825.4789,685.551732
8,0.8499999999999999,1000000,50000000,5000000000,1,0,13.972972,46,1.30000455,0.00422556392,2.67708077,0.0303787135,1.96930385,0.0112113792,2.16793802,0.010741299,0.25676955,0.00132001959,-0.0477508405,0.000706901415,1.53915984,0.0297125426,0.168190384,0.00425205151,0.516010159,0.00406285068,0.0399732146,0.000517911632,-0.0580456396,0.00273751001,-0.0604433807,0.000979263166,-0.060538154,0.000771479269,-0.00757004593,0.000114505685,-117.729128,0.00553229356,13866.9506,1.29136097,-103.759864,0.0101755424,10818.9321,2.03910842,-13.9692637,0.011169155,240.24163,0.388687056,0.0801023125,0.00141390514,10777.7555,1.45520159,10787.6748,1.52703416,1347.81643,0.185456978,199.064983,1.352729,208.984294,1.07336403,25.4801165,0.157439262,21.5654301,0.821568809,2.05275856,0.126866664,13.843965,0.82324373,1.08757543,0.127130306,6.80304575,0.0480644549,True,True,True,True,True,True,True,True,True,True,False,False,False,False,True,True,True,True,True,True,False,True,True,True,True,True,True,True,True,True,True,True,88615.6722,837.673608
8,0.8999999999999999,1000000,50000000,5000000000,1,0,15.714564,48,1.31012772,0.00409282431,2.72248147,0.0346359965,1.97661179,0.011014231,2.18647034,0.0106456173,0.259317829,0.00136280742,-0.0495571425,0.000776859684,1.49388947,0.0370592176,0.169359992,0.00516082215,0.511329088,0.00363533722,0.0396177001,0.000534374078,-0.0672795276,0.00354471344,-0.065520812,0.000929754751,-0.0654236494,0.00081460583,-0.00821624708,0.000119171423,-118.557393,0.00615494307,14062.7162,1.44488443,-102.825944,0.0116483701,10631.824,2.32225098,-15.7314495,0.0117039951,298.329429,0.448639403,-0.0896346875,0.00084632708,10588.3861,1.59157243,10598.9885,1.72958324,1324.09796,0.204381715,254.89151,1.49770085,265.493975,1.19142478,32.4111434,0.173596705,25.8137861,0.903318611,2.45111976,0.13989305,18.0154718,0.904268003,1.47633048,0.139465272,6.86064911,0.0549718052,True,True,True,True,True,True,True,True,True,True,False,False,False,False,True,True,True,True,True,True,False,True,True,True,True,True,True,True,True,True,True,True,91501.6852,1194.17302
8,0.95,1000000,50000000,5000000000,1,0,17.508504,54,1.31573083,0.00410985702,2.77389105,0.0353869008,1.99236347,0.0112889668,2.20199796,0.0100316679,0.261237395,0.00125147606,-0.0520356273,0.000787441095,1.5366822,0.0334032124,0.162025658,0.00456371705,0.512814633,0.00431547409,0.0383309794,0.000535178559,-0.0683847343,0.00255968584,-0.0687999998,0.00124968451,-0.0688597739,0.000783633915,-0.00868115063,0.000137475928,-119.41214,0.00671901446,14266.2752,1.59418666,-101.91084,0.0131206867,10449.9785,2.59497881,-17.5013004,0.0140235971,362.118219,0.600987617,0.141495812,0.000928686506,10398.4647,1.93246202,10411.266,2.04685336,1300.48995,0.250498805,310.604432,1.62613109,323.405707,1.32717111,39.5074135,0.191283522,25.4466592,0.910564033,2.26253249,0.143252585,17.1101932,0.93133897,1.22047425,0.145785446,7.01589901,0.0505787884,True,True,True,True,True,True,True,True,True,True,False,False,False,False,True,True,True,True,True,True,False,True,True,True,True,True,True,True,True,True,True,True,111524.425,1341.89039
8,0.9999999999999999,1000000,50000000,5000000000,1,0,19.427864,54,1.33221846,0.00506991623,2.78158965,0.0393084291,2.01785988,0.010948486,2.23496275,0.0114476006,0.264883067,0.00141408508,-0.0540492723,0.000829142832,1.51684384,0.0389401961,0.174810597,0.00542805757,0.516751039,0.00452686555,0.0405608527,0.000570151933,-0.0727644655,0.00393927103,-0.0715371811,0.0013808596,-0.0717683874,0.000942500126,-0.00896994428,0.000150833271,-120.318682,0.0078288398,14483.6025,1.86444324,-100.893496,0.0124881851,10249.8516,2.45706857,-19.4251861,0.0130673998,439.218866,0.58828393,-0.017832125,0.000640250547,10194.6111,1.68536456,10207.7244,1.81055013,1275.00125,0.221072648,383.978444,1.70843674,397.091739,1.38947451,48.6721583,0.197519972,28.2269054,0.989108593,2.56405412,0.149965276,19.7538826,0.990028493,1.50492627,0.150446687,7.01721484,0.0567300774,True,True,True,True,True,True,True,True,True,True,False,False,False,False,True,True,True,True,True,True,False,True,True,True,True,True,True,True,True,True,True,True,129033.131,1558.06095
8,1.05,1000000,50000000,5000000000,1,0,21.45588,60,1.33229488,0.00494104276,2.74423533,0.037310832,2.02547642,0.0119271533,2.24013704,0.0115674804,0.26536345,0.00145672207,-0.0560176246,0.000927360908,1.47194905,0.0402405094,0.190609476,0.00562656297,0.513796171,0.00383910177,0.0405318631,0.000531769977,-0.0732863834,0.00377795465,-0.0751312025,0.0014526503,-0.0741226366,0.000887494118,-0.00946519112,0.000130493434,-121.28177,0.00631873932,14716.4742,1.52073719,-99.835132,0.0124435404,10043.6749,2.40302427,-21.4466377,0.0128819267,528.007727,0.646492572,0.0334473125,0.000745058946,9982.90344,1.84372994,9997.07251,1.85708183,1248.57967,0.226012125,467.23631,1.60710346,481.405376,1.3663425,59.1212797,0.18896464,30.0189236,0.901408249,2.69797309,0.134314493,21.4471065,0.912460413,1.62649595,0.135317675,7.20658081,0.063468327,True,True,True,True,True,True,True,True,True,True,False,False,False,False,True,True,True,True,True,True,False,True,True,True,True,True,True,True,True,True,True,True,161016.676,2122.53622
8,1.0999999999999999,1000000,50000000,5000000000,1,0,23.593256,64,1.34359675,0.00486866297,2.84015387,0.0398606076,2.05967966,0.0120724417,2.2668268,0.0116771796,0.268984167,0.00140383508,-0.0580404292,0.000937424003,1.51493527,0.0447009938,0.179410146,0.0056383384,0.514507717,0.00365844031,0.0402719064,0.000552972166,-0.0758376475,0.0041649979,-0.077290285,0.00133642272,-0.0770749712,0.0010000056,-0.00965535173,0.000147397526,-122.290957,0.00774238834,14962.4323,1.87393671,-98.68546,0.0124183694,9822.51836,2.37726251,-23.6054969,0.0143128249,631.897751,0.777881006,-0.012442125,0.00170392659,9758.29263,1.75138802,9773.69583,1.86716562,1220.60343,0.232290075,567.672021,1.86133369,583.075218,1.49116767,71.7758588,0.208046179,34.8758115,0.927262149,3.25093299,0.143480425,25.8557334,0.961297872,2.12342322,0.147214677,7.35411734,0.0598537835,True,True,True,True,True,True,True,True,True,True,False,False,False,False,True,True,True,True,True,True,False,True,True,True,True,True,True,True,True,True,True,True,207030.398,2769.06938
8,1.15,1000000,50000000,5000000000,1,0,25.844116,64,1.34061802,0.00485148563,2.82339072,0.0394812849,2.03966332,0.0120332045,2.25220249,0.0113293312,0.266661773,0.00146997806,-0.0613500305,0.000974884335,1.53858794,0.0439592067,0.171099376,0.00583293816,0.521862497,0.00462937761,0.0404368223,0.000619869843,-0.0871445436,0.00450542143,-0.0804779429,0.00144657827,-0.0819440324,0.00110922842,-0.010117377,0.000171389503,-123.352036,0.00822049095,15223.2684,2.02643494,-97.52236,0.0145295903,9600.77499,2.76964991,-25.8296762,0.0146471007,747.872901,0.855363296,-0.009424,0.00141728189,9527.55691,2.07672783,9545.53269,2.09666752,1191.88049,0.261438745,674.654817,2.07408173,692.630603,1.71465598,85.2677305,0.234763633,34.9219943,1.07024828,3.05415432,0.158467686,25.4584288,1.09966912,1.87120863,0.161789134,7.5436054,0.0683559701,True,True,True,True,True,True,True,True,True,True,False,False,False,False,True,True,True,True,True,True,False,True,True,True,True,True,True,True,True,True,True,True,242485.501,3439.749
8,1.25,1000000,50000000,5000000000,1,0,30.641816,72,1.36661499,0.00487628778,2.92408983,0.0433572653,2.08149556,0.0117268589,2.30328624,0.0105792779,0.272648084,0.00133111728,-0.0648575982,0.000997245768,1.51845228,0.0469489293,0.173340466,0.0065064076,0.51394739,0.0043915619,0.0401000921,0.00064120941,-0.0861450843,0.00518283466,-0.0888886678,0.00189659464,-0.0871848543,0.00114854019,-0.0109069215,0.000175900724,-125.595495,0.00951013337,15781.9908,2.37952547,-94.954892,0.0132741631,9121.81855,2.45092446,-30.6406031,0.0149622462,1033.70648,1.06037253,-0.04081625,0.00209525168,9039.00109,1.90414079,9059.02178,1.9376962,1130.92893,0.233156368,950.889021,2.1203289,970.909702,1.74990421,119.914924,0.253748292,42.5902608,1.01756776,3.87499431,0.1677493,32.0631407,1.0322315,2.5591043,0.168002254,7.76235741,0.0790503464,True,True,True,True,True,True,True,True,True,True,False,False,False,False,True,True,True,True,True,True,False,True,True,True,True,True,True,True,True,True,True,True,358720.67,4613.64485
8,1.2,1000000,50000000,5000000000,1,0,28.196512,72,1.35439484,0.00465010648,2.90833402,0.0390305607,2.05754946,0.0120250769,2.26801331,0.0098243218,0.268816169,0.00127977727,-0.0610046525,0.00102464942,1.59797733,0.0429011705,0.172624152,0.00680687364,0.519948762,0.00437050844,0.0404484072,0.000631027226,-0.0849631323,0.00436956442,-0.0837720097,0.00155008561,-0.0848537458,0.00103502527,-0.0105609549,0.000162626599,-124.462416,0.00799653357,15498.5931,1.97320645,-96.247996,0.0152543658,9361.63111,2.87923093,-28.2144197,0.0153807652,883.856199,0.962741883,-0.0438351875,0.00133859955,9286.04582,2.06112798,9304.9743,2.12943169,1161.71798,0.266022878,808.270904,2.24959505,827.199389,1.88203206,101.99612,0.261249929,41.2975672,1.1295671,3.7583923,0.169626953,31.1459092,1.17033807,2.48943506,0.175495568,7.70019039,0.0757376148,True,True,True,True,True,True,True,True,True,True,False,False,False,False,True,True,True,True,True,True,False,True,True,True,True,True,True,True,True,True,True,True,288924.331,3880.20453
8,1.35,1000000,50000000,5000000000,1,0,35.929772,88,1.35493862,0.00664229223,2.82397443,0.0482857468,2.06299023,0.0134524881,2.27262198,0.0124663172,0.270927834,0.00171994437,-0.0659454844,0.00106198903,1.53375984,0.055005141,0.182517731,0.00755983876,0.517517849,0.00396483562,0.0402951977,0.000679822458,-0.0836511822,0.00545182239,-0.0900739363,0.00190546149,-0.0903157103,0.00118203541,-0.0114811309,0.000179453974,-128.066836,0.00944678108,16409.3189,2.42420594,-92.13562,0.0203370177,8609.94049,3.61972806,-35.9312163,0.0221871187,1400.79394,1.77242768,0.110337813,0.00227266756,8513.9696,2.72335162,8538.36386,2.80556401,1065.53439,0.337838101,1304.82305,3.14562043,1329.21732,2.77014125,164.391075,0.378424574,49.3913906,1.35845847,4.41283453,0.204191646,38.165014,1.40548435,3.00953745,0.2098036,8.20432272,0.0905913967,True,True,True,True,True,True,True,True,True,True,False,False,False,False,True,True,True,True,True,True,False,True,True,True,True,True,True,True,True,True,True,True,476844.081,5634.80019
8,1.3,1000000,50000000,5000000000,1,0,33.212608,78,1.3649976,0.00671120963,2.89015695,0.0442997888,2.08207637,0.0140747969,2.29594879,0.0135654083,0.2725776,0.00183081065,-0.0646959727,0.00117816748,1.57348907,0.0521035691,0.171407444,0.00716533072,0.520306582,0.00415803761,0.0407095343,0.000656582945,-0.0877367716,0.00468591654,-0.0876395495,0.00171440306,-0.0884304845,0.00115070464,-0.0109164703,0.000187480437,-126.803889,0.00850665626,16087.3826,2.1458282,-93.610844,0.0164999613,8875.56366,2.96291281,-33.1930449,0.0176606471,1203.78561,1.33367915,0.00457125,0.00170095299,8784.46843,2.23692628,8806.8889,2.29777546,1099.27951,0.285084155,1112.69038,2.60688609,1135.11086,2.16587481,140.307252,0.298301562,43.8987868,1.14554772,3.90574286,0.176743061,33.3326293,1.15635217,2.58497318,0.177574293,8.15640629,0.0965641027,True,True,True,True,True,True,True,True,True,True,False,False,False,False,True,True,True,True,True,True,False,True,True,True,True,True,True,True,True,True,True,True,432171.942,5192.45245
8,1.45,1000000,50000000,5000000000,1,0,41.584148,90,1.366156,0.00628855381,2.84834606,0.0511492905,2.07026447,0.014116057,2.27515986,0.0126954413,0.270082441,0.00167211203,-0.0668071585,0.00117486402,1.5319053,0.0509541971,0.176763462,0.00751003968,0.514791789,0.00406504456,0.0405983045,0.000622377228,-0.0966090161,0.00603679496,-0.0916217352,0.00213214196,-0.0918741282,0.00110550683,-0.0115582217,0.00018450307,-130.682672,0.00906796752,17086.556,2.34422953,-89.10076,0.0219580489,8076.08997,3.80180168,-41.5819125,0.0245617724,1853.61419,2.20305444,0.06781125,0.00233229143,7969.7535,3.22998113,7995.67275,3.21369608,997.600035,0.396899637,1747.27772,3.26178107,1773.19697,2.93009084,219.790564,0.394043698,56.7273125,1.17921696,5.2318564,0.186058864,44.1415266,1.20731998,3.65863316,0.189329705,8.59509007,0.103691254,True,True,True,True,True,True,True,True,True,True,False,False,False,False,True,True,True,True,True,True,False,True,True,True,True,True,True,True,True,True,True,True,629974.082,7278.90111
8,1.4,1000000,50000000,5000000000,1,0,38.7212,90,1.35728455,0.00574419024,2.86905848,0.0402697954,2.05870599,0.0152367865,2.272206,0.0122453479,0.270322415,0.00168029873,-0.0692615161,0.00116979568,1.43987305,0.0494324872,0.174664795,0.00756302266,0.508976666,0.0038145151,0.0405771292,0.000597263652,-0.0965011739,0.00500573979,-0.0883706652,0.00187675927,-0.0904712399,0.0011210098,-0.0114045179,0.000185433652,-129.374822,0.0109566563,16746.3871,2.82076228,-90.655424,0.0216390596,8347.28037,3.81209832,-38.7193976,0.0244872009,1616.50208,2.05581289,-0.0019664375,0.0022019259,8245.92847,3.0018277,8271.22862,3.11039502,1032.10361,0.379809784,1515.15018,3.23363603,1540.45033,2.88691557,190.756328,0.384773727,52.8227199,1.17249937,4.80287689,0.181568795,41.2585789,1.20093344,3.35735927,0.183625569,8.54265016,0.103835356,True,True,True,True,True,True,True,True,True,True,False,False,False,False,True,True,True,True,True,True,False,True,True,True,True,True,True,True,True,True,True,True,543550.846,6341.4559
8,1.5,1000000,50000000,5000000000,1,0,44.673036,96,1.36694516,0.00675775512,2.89203426,0.0487265438,2.07936908,0.0148879297,2.26866837,0.0124654492,0.270111822,0.00165056394,-0.0680159731,0.00117950269,1.5479322,0.0568278692,0.171764356,0.0083001213,0.515767951,0.00461544105,0.039879053,0.00071788056,-0.0822057245,0.00669926745,-0.0897287532,0.00192301732,-0.0911546695,0.00141061518,-0.0114678695,0.000215597467,-132.115635,0.0117428502,17463.3382,3.08822801,-87.43594,0.0256572027,7790.7814,4.30900858,-44.6796952,0.0285160336,2129.40123,2.82685536,-0.04167575,0.00259691296,7679.40468,3.65989343,7706.66065,3.6823561,961.330465,0.461131473,2018.02451,3.82593009,2045.28048,3.53715533,253.657944,0.462476606,61.6170448,1.21542398,5.70001486,0.183969442,49.0053166,1.28646588,4.12354883,0.190951659,8.79718557,0.112185803,True,True,True,True,True,True,True,True,True,True,False,False,False,False,True,True,True,True,True,True,False,True,True,True,True,True,True,True,True,True,True,True,666499.828,8216.86694
